{"phones": ["AA0", "AA1", "AA2", "AE0", "AE1", "AE2", "AH0", "AH1", "AH2", "AO0", "AO1", "AO2", "AW0", "AW1", "AW2", "AY0", "AY1", "AY2", "B", "CH", "D", "DH", "EH0", "EH1", "EH2", "ER0", "ER1", "ER2", "EY0", "EY1", "EY2", "F", "G", "HH", "IH0", "IH1", "IH2", "IY0", "IY1", "IY2", "JH", "K", "L", "M", "N", "NG", "OW0", "OW1", "OW2", "OY0", "OY1", "OY2", "P", "R", "S", "SH", "T", "TH", "UH0", "UH1", "UH2", "UW0", "UW1", "UW2", "V", "W", "Y", "Z", "ZH"], "phone_groups": {"AA0": ["AA0"], "AA1": ["AA1"], "AA2": ["AA2"], "AE0": ["AE0"], "AE1": ["AE1"], "AE2": ["AE2"], "AH0": ["AH0"], "AH1": ["AH1"], "AH2": ["AH2"], "AO0": ["AO0"], "AO1": ["AO1"], "AO2": ["AO2"], "AW0": ["AW0"], "AW1": ["AW1"], "AW2": ["AW2"], "AY0": ["AY0"], "AY1": ["AY1"], "AY2": ["AY2"], "B": ["B"], "CH": ["CH"], "D": ["D"], "DH": ["DH"], "EH0": ["EH0"], "EH1": ["EH1"], "EH2": ["EH2"], "ER0": ["ER0"], "ER1": ["ER1"], "ER2": ["ER2"], "EY0": ["EY0"], "EY1": ["EY1"], "EY2": ["EY2"], "F": ["F"], "G": ["G"], "HH": ["HH"], "IH0": ["IH0"], "IH1": ["IH1"], "IH2": ["IH2"], "IY0": ["IY0"], "IY1": ["IY1"], "IY2": ["IY2"], "JH": ["JH"], "K": ["K"], "L": ["L"], "M": ["M"], "N": ["N"], "NG": ["NG"], "OW0": ["OW0"], "OW1": ["OW1"], "OW2": ["OW2"], "OY0": ["OY0"], "OY1": ["OY1"], "OY2": ["OY2"], "P": ["P"], "R": ["R"], "S": ["S"], "SH": ["SH"], "T": ["T"], "TH": ["TH"], "UH0": ["UH0"], "UH1": ["UH1"], "UH2": ["UH2"], "UW0": ["UW0"], "UW1": ["UW1"], "UW2": ["UW2"], "V": ["V"], "W": ["W"], "Y": ["Y"], "Z": ["Z"], "ZH": ["ZH"]}, "version": "2.1.2", "architecture": "gmm-hmm", "train_date": "2023-02-13 16:46:38.332899", "training": {"audio_duration": null, "num_speakers": 1, "num_utterances": 0, "num_oovs": 0, "average_log_likelihood": null}, "dictionaries": {"names": ["english_us_arpa"], "default": "english_us_arpa", "silence_word": "<eps>", "use_g2p": false, "oov_word": "<unk>", "bracketed_word": "[bracketed]", "laughter_word": "[laughter]", "clitic_marker": "'", "position_dependent_phones": false}, "features": {"type": "mfcc", "use_energy": false, "frame_shift": 10, "frame_length": 25, "snip_edges": true, "low_frequency": 20, "high_frequency": 7800, "sample_frequency": 16000, "allow_downsample": true, "allow_upsample": true, "dither": 1, "energy_floor": 0, "num_coefficients": 13, "num_mel_bins": 23, "cepstral_lifter": 22, "preemphasis_coefficient": 0.97, "uses_cmvn": true, "uses_deltas": true, "uses_voiced": false, "uses_splices": false, "uses_speaker_adaptation": false, "use_pitch": false, "use_voicing": false, "min_f0": 50, "max_f0": 800, "delta_pitch": 0.005, "penalty_factor": 0.1, "silence_weight": 0.0, "splice_left_context": 3, "splice_right_context": 3}, "oov_phone": "spn", "optional_silence_phone": "sil", "phone_set_type": "UNKNOWN", "silence_probability": 0.5, "initial_silence_probability": 0.5, "final_silence_correction": null, "final_non_silence_correction": null}